{
  "HALProvider": {
    "DIO": {
      "window": {
        "visible": true
      }
    },
    "Other Devices": {
      "SPARK MAX [23]": {
        "header": {
          "open": true
        }
      },
      "SPARK MAX [25]": {
        "header": {
          "open": true
        }
      },
      "SPARK MAX [2]": {
        "header": {
          "open": true
        }
      },
      "SPARK MAX [4]": {
        "header": {
          "open": true
        }
      },
      "SPARK MAX [5]": {
        "header": {
          "open": true
        }
      },
      "SPARK MAX [7]": {
        "header": {
          "open": true
        }
      },
      "Talon FX (v6)[2]/Rotor Sensor": {
        "header": {
          "open": true
        }
      },
      "Talon FX (v6)[51]": {
        "header": {
          "open": true
        }
      },
      "Talon FX[50]": {
        "header": {
          "open": true
        }
      },
      "Talon FX[51]/Integrated Sensor": {
        "header": {
          "open": true
        }
      },
      "Talon FX[52]/Integrated Sensor": {
        "header": {
          "open": true
        }
      },
      "Talon FX[8]/Integrated Sensor": {
        "header": {
          "open": true
        }
      }
    }
  },
  "NTProvider": {
    "types": {
      "/FMSInfo": "FMSInfo",
      "/LiveWindow/SwerveSubsystem": "Subsystem",
      "/LiveWindow/Ungrouped/PIDController[1]": "PIDController",
      "/LiveWindow/Ungrouped/Pigeon 2 [13]": "Gyro",
      "/LiveWindow/Ungrouped/Scheduler": "Scheduler",
      "/SmartDashboard/Alerts": "Alerts",
      "/SmartDashboard/CoralSubsystem": "Subsystem",
      "/SmartDashboard/Encoders": "Alerts",
      "/SmartDashboard/Field": "Field2d",
      "/SmartDashboard/IMU": "Alerts",
      "/SmartDashboard/JSON": "Alerts",
      "/SmartDashboard/Motors": "Alerts",
      "/SmartDashboard/PathPlanner": "Alerts",
      "/SmartDashboard/Pigeon 2 (v6) [13]": "Gyro",
      "/SmartDashboard/Pigeon 2 (v6) [18]": "Gyro",
      "/SmartDashboard/Pigeon 2 [13]": "Gyro",
      "/SmartDashboard/SendableChooser[0]": "String Chooser",
      "/SmartDashboard/Swerve Drive": "Alerts",
      "/SmartDashboard/VisionSystemSim-Vision/Sim Field": "Field2d",
      "/SmartDashboard/navX-Sensor[1]": "Gyro",
      "/SmartDashboard/navX-Sensor[4]": "Gyro"
    },
    "windows": {
      "/FMSInfo": {
        "window": {
          "visible": true
        }
      },
      "/SmartDashboard/CoralSubsystem": {
        "window": {
          "visible": true
        }
      },
      "/SmartDashboard/Field": {
        "OdometryPose": {
          "arrowColor": [
            255.0,
            255.0,
            0.0,
            255.0
          ],
          "color": [
            224.99996948242188,
            0.0,
            255.0,
            255.0
          ]
        },
        "XModules": {
          "arrowColor": [
            0.09611687064170837,
            0.17414122819900513,
            0.9803921580314636,
            255.0
          ],
          "arrowSize": 33,
          "arrowWeight": 3.0,
          "style": "Hidden"
        },
        "bottom": 1638,
        "height": 8.051901817321777,
        "left": 534,
        "right": 3466,
        "top": 291,
        "width": 17.54825210571289,
        "window": {
          "visible": true
        }
      }
    }
  },
  "NetworkTables": {
    "transitory": {
      "FMSInfo": {
        "open": true
      },
      "Shuffleboard": {
        "open": true
      },
      "SmartDashboard": {
        "open": true,
        "swerve": {
          "open": true
        }
      }
    }
  },
  "NetworkTables Info": {
    "AdvantageScope@1": {
      "open": true
    },
    "Clients": {
      "open": true
    },
    "Connections": {
      "open": true
    },
    "Server": {
      "open": true
    },
    "SmartDashboard-NT3@127.0.0.1:3183": {
      "Publishers": {
        "open": true
      },
      "Subscribers": {
        "open": true
      },
      "open": true
    },
    "SmartDashboard-NT3@127.0.0.1:49056": {
      "open": true
    },
    "visible": true
  }
}
