<xml version="1.0">
<dashboard>
	<static-widget class="edu.wpi.first.smartdashboard.gui.elements.ConnectionIndicator">
		<location x="217" y="151"/>
		<width>384</width>
	</static-widget>
	<static-widget class="edu.wpi.first.smartdashboard.gui.elements.ConnectionIndicator">
		<location x="217" y="328"/>
		<width>385</width>
	</static-widget>
	<static-widget class="edu.wpi.first.smartdashboard.gui.elements.ConnectionIndicator">
		<location x="571" y="7"/>
		<height>507</height>
	</static-widget>
	<static-widget class="edu.wpi.first.smartdashboard.gui.elements.ConnectionIndicator">
		<location x="844" y="2"/>
		<height>513</height>
	</static-widget>
	<static-widget class="edu.wpi.first.smartdashboard.gui.elements.ConnectionIndicator">
		<location x="2" y="302"/>
		<width>245</width>
	</static-widget>
	<static-widget class="edu.wpi.first.smartdashboard.gui.elements.ConnectionIndicator">
		<location x="216" y="5"/>
		<height>511</height>
	</static-widget>
	<static-widget class="edu.wpi.first.smartdashboard.gui.elements.MjpgStreamViewerImpl">
		<location x="879" y="47"/>
		<width>410</width>
		<height>430</height>
		<property name="MJPG Server URL" value="http://team291pi.local:1182/stream.mjpg"/>
	</static-widget>
	<widget field="CoralSubsystem" type="Subsystem" class="edu.wpi.first.smartdashboard.gui.elements.Subsystem">
		<location x="373" y="36"/>
		<width>175</width>
	</widget>
	<widget field="Climber Motor Current" type="Number" class="edu.wpi.first.smartdashboard.gui.elements.TextBox">
		<location x="361" y="367"/>
	</widget>
	<static-widget class="edu.wpi.first.smartdashboard.gui.elements.ConnectionIndicator">
		<location x="1231" y="6"/>
		<height>509</height>
	</static-widget>
	<static-widget class="edu.wpi.first.smartdashboard.gui.elements.ConnectionIndicator">
		<location x="5" y="489"/>
		<width>1260</width>
		<height>30</height>
	</static-widget>
	<static-widget class="edu.wpi.first.smartdashboard.gui.elements.ConnectionIndicator">
		<location x="2" y="1"/>
		<height>517</height>
	</static-widget>
	<static-widget class="edu.wpi.first.smartdashboard.gui.elements.ConnectionIndicator">
		<location x="0" y="-2"/>
		<width>1259</width>
	</static-widget>
	<widget field="Pigeon 2 (v6) [18]" type="Gyro" class="edu.wpi.first.smartdashboard.gui.elements.Compass">
		<location x="-17" y="337"/>
	</widget>
	<widget field="SendableChooser[0]" type="String Chooser" class="edu.wpi.first.smartdashboard.gui.elements.Chooser">
		<location x="36" y="32"/>
	</widget>
	<widget field="Intake Sensor Value" type="Boolean" class="edu.wpi.first.smartdashboard.gui.elements.TextBox">
		<location x="352" y="72"/>
	</widget>
	<widget field="Elevator Motor Left Amps" type="Number" class="edu.wpi.first.smartdashboard.gui.elements.TextBox">
		<location x="616" y="165"/>
	</widget>
	<widget field="Elevator Motor Right Amps" type="Number" class="edu.wpi.first.smartdashboard.gui.elements.TextBox">
		<location x="610" y="195"/>
		<height>20</height>
	</widget>
	<widget field="Elevator Encoder Reading" type="Number" class="edu.wpi.first.smartdashboard.gui.elements.TextBox">
		<location x="617" y="134"/>
	</widget>
	<widget field="Angle Encoder Reading" type="Number" class="edu.wpi.first.smartdashboard.gui.elements.TextBox">
		<location x="335" y="253"/>
	</widget>
	<widget field="Elevator Motor State" type="String" class="edu.wpi.first.smartdashboard.gui.elements.TextBox">
		<location x="642" y="71"/>
	</widget>
	<widget field="Flap State" type="String" class="edu.wpi.first.smartdashboard.gui.elements.TextBox">
		<location x="399" y="225"/>
	</widget>
	<widget field="Elevator Desired Height" type="Number" class="edu.wpi.first.smartdashboard.gui.elements.TextBox">
		<location x="627" y="102"/>
	</widget>
	<widget field="Elevator State" type="String" class="edu.wpi.first.smartdashboard.gui.elements.TextBox">
		<location x="673" y="41"/>
		<height>20</height>
	</widget>
</dashboard>
<live-window>
</live-window>
	<hidden field="IMU"/>
	<hidden field="Field"/>
	<hidden field="Swerve Drive"/>
	<hidden field="Motors"/>
	<hidden field="JSON"/>
	<hidden field="Alerts"/>
	<hidden field="PathPlanner"/>
	<hidden field="Encoders"/>
</xml>